{
  "10p10": {
    "arima": { "mae": 0.0031298528772684495, "mse": 0.0013398974676906057 },
    "markov": { "mae": 0.01660590532172848, "mse": 0.0039073134533558415 }
  },
  "20p20": {
    "arima": { "mae": 0.0026425626051415864, "mse": 0.00413016443116487 },
    "markov": { "mae": 0.028100420020545518, "mse": 0.008570807794709034 }
  },
  "30p30": {
    "arima": { "mae": 0.004343810598708179, "mse": 0.010959064137801277 },
    "markov": { "mae": 0.0395702555356612, "mse": 0.012955243801065114 }
  },
  "40p40": {
    "arima": { "mae": 0.005380755820466329, "mse": 0.014373498790510414 },
    "markov": { "mae": 0.054759555856145815, "mse": 0.01901681365564284 }
  },
  "50p50": {
    "arima": { "mae": 0.006608199238975983, "mse": 0.017702585543429697 },
    "markov": { "mae": 0.05950554287834922, "mse": 0.02426081440378217 }
  },
  "60p60": {
    "arima": { "mae": 0.007401971788500838, "mse": 0.02662066355907768 },
    "markov": { "mae": 0.07209024398542935, "mse": 0.028811266525833955 }
  },
  "70p70": {
    "arima": { "mae": 0.01066098256077226, "mse": 0.04789505168776592 },
    "markov": { "mae": 0.07551674010342606, "mse": 0.032417139352903704 }
  },
  "80p80": {
    "arima": { "mae": 0.008559000690495784, "mse": 0.0332230652886192 },
    "markov": { "mae": 0.08826207304337608, "mse": 0.042207436215602266 }
  },
  "90p90": {
    "arima": { "mae": 0.0061547169400082685, "mse": 0.014427867193098477 },
    "markov": { "mae": 0.08583921710372053, "mse": 0.04038771580247862 }
  },
  "100p100": {
    "arima": { "mae": 0.011103094931087833, "mse": 0.04911694663822329 },
    "markov": { "mae": 0.11781122860249023, "mse": 0.057223383173361626 }
  },
  "110p110": {
    "arima": { "mae": 0.010151325102429259, "mse": 0.056037905010263345 },
    "markov": { "mae": 0.11433477758662629, "mse": 0.059869830226523854 }
  },
  "120p120": {
    "arima": { "mae": 0.006510550201133533, "mse": 0.013339444173795494 },
    "markov": { "mae": 0.11269597781849788, "mse": 0.06103625200370479 }
  },
  "130p130": {
    "arima": { "mae": 0.00949418055475252, "mse": 0.020541551323251722 },
    "markov": { "mae": 0.13093252942165493, "mse": 0.06671998337794625 }
  },
  "140p140": {
    "arima": { "mae": 0.008706104897217872, "mse": 0.029647128062282396 },
    "markov": { "mae": 0.1113070559694996, "mse": 0.0542230730346718 }
  },
  "150p150": {
    "arima": { "mae": 0.008147613271116285, "mse": 0.02734672963641533 },
    "markov": { "mae": 0.13382506360143864, "mse": 0.07534251368793406 }
  },
  "160p160": {
    "arima": { "mae": 0.010342199546147037, "mse": 0.03758852478152255 },
    "markov": { "mae": 0.14782403917488057, "mse": 0.06812214382849734 }
  },
  "170p170": {
    "arima": { "mae": 0.007410068017647247, "mse": 0.011162442408116193 }
  },
  "180p180": {
    "arima": { "mae": 0.009147671312995345, "mse": 0.016566524857743084 }
  },
  "190p190": {
    "arima": { "mae": 0.011438560839289113, "mse": 0.023996810547427826 }
  },
  "200p200": {
    "arima": { "mae": 0.014816960555085693, "mse": 0.033840159378243265 }
  },
  "210p210": {
    "arima": { "mae": 0.01577049521494436, "mse": 0.04009537469042932 }
  },
  "220p220": {
    "arima": { "mae": 0.00885574697009022, "mse": 0.011415997345813991 }
  },
  "230p230": {
    "arima": { "mae": 0.005936803173168562, "mse": 0.004137729348021116 }
  },
  "240p240": {
    "arima": { "mae": 0.005331994214536329, "mse": 0.002863513525700822 }
  },
  "250p250": {
    "arima": { "mae": 0.0060069577173173325, "mse": 0.0033681558450841683 }
  },
  "260p260": {
    "arima": { "mae": 0.006750422804659475, "mse": 0.004165885892292934 }
  },
  "270p270": {
    "arima": { "mae": 0.006857697246145308, "mse": 0.004400603006095319 }
  },
  "280p280": {
    "arima": { "mae": 0.00693450760143995, "mse": 0.004937055555574377 }
  },
  "290p290": {
    "arima": { "mae": 0.008665106690522874, "mse": 0.0063752134281068636 }
  },
  "300p300": {
    "arima": { "mae": 0.006856399914916152, "mse": 0.004041623867949503 }
  },
  "310p310": {
    "arima": { "mae": 0.008124277064997657, "mse": 0.005395458840319715 }
  },
  "320p320": {
    "arima": { "mae": 0.008770325175684303, "mse": 0.006693841627537714 }
  },
  "330p330": {
    "arima": { "mae": 0.009722619476012485, "mse": 0.008209380812430573 }
  },
  "340p340": {
    "arima": { "mae": 0.011087258728360107, "mse": 0.00922573890531457 }
  },
  "350p350": {
    "arima": { "mae": 0.01274264068069004, "mse": 0.011214416481942897 }
  },
  "360p360": {
    "arima": { "mae": 0.012642834945793114, "mse": 0.010718858587373512 }
  },
  "370p370": {
    "arima": { "mae": 0.014817152826137468, "mse": 0.01405771222840475 }
  },
  "380p380": {
    "arima": { "mae": 0.014387933145884912, "mse": 0.015511935468860774 }
  },
  "390p390": {
    "arima": { "mae": 0.015773366243931698, "mse": 0.018020754206597853 }
  },
  "400p400": {
    "arima": { "mae": 0.016809773429655134, "mse": 0.02074418517090026 }
  },
  "410p410": {
    "arima": { "mae": 0.00987415926884569, "mse": 0.008100153135062373 }
  },
  "420p420": {
    "arima": { "mae": 0.010900091103142917, "mse": 0.009295918171221957 }
  },
  "430p430": {
    "arima": { "mae": 0.011579435624160396, "mse": 0.01048897963758623 }
  },
  "440p440": {
    "arima": { "mae": 0.011612560754748806, "mse": 0.009992085139545066 }
  },
  "450p450": {
    "arima": { "mae": 0.01489515193852316, "mse": 0.013179012448940488 }
  },
  "460p460": {
    "arima": { "mae": 0.01605535389052535, "mse": 0.014731569168625423 }
  },
  "470p470": {
    "arima": { "mae": 0.01001794840361941, "mse": 0.00536443524239473 }
  },
  "480p480": {
    "arima": { "mae": 0.010899564178451171, "mse": 0.0061581393975702805 }
  },
  "490p490": {
    "arima": { "mae": 0.011024450818839094, "mse": 0.006791495829327024 }
  },
  "500p500": {
    "arima": { "mae": 0.012569017758312989, "mse": 0.007960712370839179 }
  },
  "510p510": {
    "arima": { "mae": 0.013128883649252332, "mse": 0.009356255841283181 }
  },
  "520p520": {
    "arima": { "mae": 0.014450233788068154, "mse": 0.010637078863843375 }
  },
  "530p530": {
    "arima": { "mae": 0.00943722577212467, "mse": 0.002964247387053319 }
  },
  "540p540": {
    "arima": { "mae": 0.010216912653960832, "mse": 0.0034653741663476646 }
  },
  "550p550": {
    "arima": { "mae": 0.011225223334348106, "mse": 0.0040311301289104136 }
  },
  "560p560": {
    "arima": { "mae": 0.009656179060899947, "mse": 0.0030612975377683803 }
  },
  "570p570": {
    "arima": { "mae": 0.010164893860225134, "mse": 0.003464367828257143 }
  },
  "580p580": {
    "arima": { "mae": 0.014099743634902778, "mse": 0.005195419840049684 }
  },
  "590p590": {
    "arima": { "mae": 0.015908819987173604, "mse": 0.006755390591696235 }
  },
  "600p600": {
    "arima": { "mae": 0.015461969925311963, "mse": 0.0058126332290938994 }
  },
  "610p610": {
    "arima": { "mae": 0.013500127149232365, "mse": 0.004961419753684374 }
  },
  "620p620": {
    "arima": { "mae": 0.015087845621590578, "mse": 0.005771048897413777 }
  },
  "630p630": {
    "arima": { "mae": 0.01723067445034521, "mse": 0.0067353328723599865 }
  },
  "640p640": {
    "arima": { "mae": 0.016893805956042982, "mse": 0.007351729927649345 }
  },
  "650p650": {
    "arima": { "mae": 0.01839762165644962, "mse": 0.008616189119003356 }
  },
  "660p660": {
    "arima": { "mae": 0.018337516215958572, "mse": 0.008587217061544186 }
  },
  "670p670": {
    "arima": { "mae": 0.022237065682633034, "mse": 0.011693726525439383 }
  },
  "680p680": {
    "arima": { "mae": 0.020690532181539087, "mse": 0.010189203981602207 }
  },
  "690p690": {
    "arima": { "mae": 0.02181710718897613, "mse": 0.011198905804121697 }
  },
  "700p700": {
    "arima": { "mae": 0.02422887166770783, "mse": 0.013216446820770162 }
  },
  "710p710": {
    "arima": { "mae": 0.02422546908286464, "mse": 0.013906469204959032 }
  },
  "720p720": {
    "arima": { "mae": 0.026628377220717623, "mse": 0.015591081400963441 }
  },
  "730p730": {
    "arima": { "mae": 0.025638234149457144,