{
  "10p10": {
    "arima": { "mae": 0.005785849634077403, "mse": 0.0020427865950576225 },
    "markov": { "mae": 0.01638569028408112, "mse": 0.0040777347719251145 }
  },
  "20p20": {
    "arima": { "mae": 0.004395603068617232, "mse": 0.006203332079831786 },
    "markov": { "mae": 0.028089479728345104, "mse": 0.008249526642387903 }
  },
  "30p30": {
    "arima": { "mae": 0.005140249636093184, "mse": 0.010676600612160199 },
    "markov": { "mae": 0.03914924363729312, "mse": 0.012978275507145143 }
  },
  "40p40": {
    "arima": { "mae": 0.007558300193701072, "mse": 0.011377717777232767 },
    "markov": { "mae": 0.0499666311086253, "mse": 0.0193329025344283 }
  },
  "50p50": {
    "arima": { "mae": 0.00952628473040766, "mse": 0.01253645024062646 },
    "markov": { "mae": 0.057301626710397735, "mse": 0.021468105917823107 }
  },
  "60p60": {
    "arima": { "mae": 0.012003838152342768, "mse": 0.023212581368844073 },
    "markov": { "mae": 0.06891156172663625, "mse": 0.02819262642347325 }
  },
  "70p70": {
    "arima": { "mae": 0.01344184406163329, "mse": 0.02895562549191819 },
    "markov": { "mae": 0.06888463551129763, "mse": 0.030648002152957775 }
  },
  "80p80": {
    "arima": { "mae": 0.011534356233276154, "mse": 0.014140883062023235 },
    "markov": { "mae": 0.084079276338385, "mse": 0.03544225684427259 }
  },
  "90p90": {
    "arima": { "mae": 0.012994012297440878, "mse": 0.013547896892478766 },
    "markov": { "mae": 0.08676772483817397, "mse": 0.03956461960398649 }
  },
  "100p100": {
    "arima": { "mae": 0.02058225869395527, "mse": 0.03072426275548277 },
    "markov": { "mae": 0.09845897977987575, "mse": 0.04651262721474728 }
  },
  "110p110": {
    "arima": { "mae": 0.020183300191921962, "mse": 0.035003998357578135 },
    "markov": { "mae": 0.10647482629447022, "mse": 0.05152035395481827 }
  },
  "120p120": {
    "arima": { "mae": 0.014396418968121825, "mse": 0.015582012193507954 },
    "markov": { "mae": 0.11429719198881047, "mse": 0.05136184977749139 }
  },
  "130p130": {
    "arima": { "mae": 0.013501262781198604, "mse": 0.012068302148926019 },
    "markov": { "mae": 0.11942728087426518, "mse": 0.05862194485502656 }
  },
  "140p140": {
    "arima": { "mae": 0.01821514185819383, "mse": 0.018411464929970728 },
    "markov": { "mae": 0.14510792335082537, "mse": 0.07492304388001969 }
  },
  "150p150": {
    "arima": { "mae": 0.024415227018418886, "mse": 0.028665257555761024 },
    "markov": { "mae": 0.14923163800748135, "mse": 0.0733816626205179 }
  },
  "160p160": {
    "arima": { "mae": 0.022224450277747904, "mse": 0.02876472971364275 },
    "markov": { "mae": 0.14649793948135423, "mse": 0.07984726686561941 }
  },
  "170p170": {
    "arima": { "mae": 0.022992712098115774, "mse": 0.03463631992801952 },
    "markov": { "mae": 0.14304131434729303, "mse": 0.0728757298061926 }
  },
  "180p180": {
    "arima": { "mae": 0.028921264909769182, "mse": 0.04373538924462713 },
    "markov": { "mae": 0.14502290784899563, "mse": 0.0707196883820654 }
  },
  "190p190": {
    "arima": { "mae": 0.028284753743983003, "mse": 0.03836723214681249 },
    "markov": { "mae": 0.17631632673071385, "mse": 0.10506534127154259 }
  },
  "200p200": {
    "arima": { "mae": 0.03359240394149898, "mse": 0.056259872280174 },
    "markov": { "mae": 0.170230730480341, "mse": 0.09127299955223735 }
  },
  "210p210": {
    "arima": { "mae": 0.036386243113288724, "mse": 0.05826286398091534 },
    "markov": { "mae": 0.15794700308462153, "mse": 0.07229503844124106 }
  },
  "220p220": {
    "arima": { "mae": 0.03641623925625436, "mse": 0.08545962717291807 },
    "markov": { "mae": 0.16105054775189315, "mse": 0.09328365423416815 }
  },
  "230p230": {
    "arima": { "mae": 0.04490082190304894, "mse": 0.11889003011047135 },
    "markov": { "mae": 0.21548047804596063, "mse": 0.13110910638316298 }
  },
  "240p240": {
    "arima": { "mae": 0.031240844393241783, "mse": 0.07388836481630379 },
    "markov": { "mae": 0.18926269120154157, "mse": 0.10603186175304623 }
  },
  "250p250": {
    "arima": { "mae": 0.02668490866165163, "mse": 0.049385265230119366 },
    "markov": { "mae": 0.20458873571599126, "mse": 0.11361811847311094 }
  },
  "260p260": {
    "arima": { "mae": 0.03189877738050184, "mse": 0.06375728501234966 },
    "markov": { "mae": 0.21158455175322968, "mse": 0.1278876466858349 }
  },
  "270p270": {
    "arima": { "mae": 0.03455437861774735, "mse": 0.06959909530672687 },
    "markov": { "mae": 0.24033063949676517, "mse": 0.1573039597469766 }
  },
  "280p280": {
    "arima": { "mae": 0.036727764380672406, "mse": 0.08526006729139088 },
    "markov": { "mae": 0.21116255193759456, "mse": 0.14768432308853968 }
  },
  "290p290": {
    "arima": { "mae": 0.051552000865665845, "mse": 0.12558543980197856 },
    "markov": { "mae": 0.2560206385422926, "mse": 0.16890205905435224 }
  },
  "300p300": {
    "arima": { "mae": 0.055520715195808035, "mse": 0.13425970845134325 },
    "markov": { "mae": 0.22448908309579918, "mse": 0.15782181903170397 }
  },
  "310p310": {
    "arima": { "mae": 0.06725332329903232, "mse": 0.16612410999582886 },
    "markov": { "mae": 0.2535727702405854, "mse": 0.17439283230662112 }
  },
  "320p320": {
    "arima": { "mae": 0.03139371114646235, "mse": 0.04908145791841219 },
    "markov": { "mae": 0.25811167947979746, "mse": 0.15170883326877177 }
  },
  "330p330": {
    "arima": { "mae": 0.018278058870357456, "mse": 0.014345046891364711 },
    "markov": { "mae": 0.247750675799569, "mse": 0.15962346572546587 }
  },
  "340p340": {
    "arima": { "mae": 0.026345154871812094, "mse": 0.022445308747993144 },
    "markov": { "mae": 0.2226077321631004, "mse": 0.1438562840584538 }
  },
  "350p350": {
    "arima": { "mae": 0.031697162707716435, "mse": 0.028553478308136246 },
    "markov": { "mae": 0.2539526877540972, "mse": 0.1594326158132751 }
  },
  "360p360": {
    "arima": { "mae": 0.03358804334509692, "mse": 0.030211197992002038 },
    "markov": { "mae": 0.2450328796815865, "mse": 0.14615967429332047 }
  },
  "370p370": {
    "arima": { "mae": 0.02357875580776791, "mse": 0.025260858418642115 },
    "markov": { "mae": 0.249196418593739, "mse": 0.1906912387579953 }
  },
  "380p380": {
    "arima": { "mae": 0.025963454511153283, "mse": 0.029425973615621857 },
    "markov": { "mae": 0.32425338594632114, "mse": 0.21215023600510743 }
  },
  "390p390": {
    "arima": { "mae": 0.032834836557865815, "mse": 0.03794016338136137 },
    "markov": { "mae": 0.2808962559644239, "mse": 0.15113958666136984 }
  },
  "400p400": {
    "arima": { "mae": 0.03291008945799585, "mse": 0.041116827540983975 },
    "markov": { "mae": 0.3206307322976803, "mse": 0.21570586812019155 }
  },
  "410p410": {
    "arima": { "mae": 0.05129621394083928, "mse": 0.06534537887481875 },
    "markov": { "mae": 0.2666468983664555, "mse": 0.164872007205265 }
  },
  "420p420": {
    "arima": { "mae": 0.05473718217473212, "mse": 0.07372349262499081 },
    "markov": { "mae": 0.3009385957491072, "mse": 0.19623454774410898 }
  },
  "430p430": {
    "arima": { "mae": 0.06358312256878516, "mse": 0.09358030322139065 },
    "markov": { "mae": 0.3201751233349194, "mse": 0.2502270315883456 }
  },
  "440p440": {
    "arima": { "mae": 0.04358483857252925, "mse": 0.041189813288897266 },
    "markov": { "mae": 0.3287144219046846, "mse": 0.20409979474083 }
  },
  "450p450": {
    "arima": { "mae": 0.04485534431525587, "mse": 0.04484990201573407 },
    "markov": { "mae": 0.3085476418857361, "mse": 0.20928689182543442 }
  },
  "460p460": {
    "arima": { "mae": 0.04742065658641719, "mse": 0.049313694123149704 },
    "markov": { "mae": 0.2792204005787942, "mse": 0.12899786962566345 }
  },
  "470p470": {
    "arima": { "mae": 0.05288088577012886, "mse": 0.08716392369681593 },
    "markov": { "mae": 0.2818614037042121, "mse": 0.18228292794105447 }
  },
  "480p480": {
    "arima": { "mae": 0.030045202094086232, "mse": 0.025434005898377812 },
    "markov": { "mae": 0.29534189589117665, "mse": 0.2123861323036269 }
  },