{"10p10": {"markov": {"mae": 2.4220525188377784e-05, "mse": 2.1402731696666927e-08}, "arima": {"mae": 0.00020724941002276388, "mse": 1.761659849504901e-07}}, "20p20": {"markov": {"mae": 4.892563071240904e-05, "mse": 8.77513641068893e-08}, "arima": {"mae": 2.986642076949483e-05, "mse": 1.3137156045272477e-09}}, "30p30": {"markov": {"mae": 5.61224313100205e-05, "mse": 1.586239238083778e-07}, "arima": {"mae": 5.951724765682732e-05, "mse": 4.334248728184735e-09}}, "40p40": {"markov": {"mae": 8.853986654125791e-05, "mse": 2.885643686976813e-07}, "arima": {"mae": 0.0027957989351155206, "mse": 0.00045200052332456373}}, "50p50": {"markov": {"mae": 8.86198182683611e-05, "mse": 2.6362473501185957e-07}, "arima": {"mae": 0.00010689232346834006, "mse": 6.810025260717988e-08}}, "60p60": {"markov": {"mae": 9.10667183853051e-05, "mse": 2.653091360384148e-07}, "arima": {"mae": 0.0001211608552683358, "mse": 3.636751273214875e-08}}, "70p70": {"markov": {"mae": 0.00012298061837515983, "mse": 6.527103837337192e-07}, "arima": {"mae": 0.00016489900412373004, "mse": 3.659796912092633e-08}}, "80p80": {"markov": {"mae": 9.969305906562261e-05, "mse": 5.357826820326135e-07}, "arima": {"mae": 0.00018791853453534733, "mse": 7.567181228457497e-08}}, "90p90": {"markov": {"mae": 0.00015407249844718595, "mse": 1.656596900534738e-06}, "arima": {"mae": 0.00015018143575547176, "mse": 3.16308146647603e-08}}, "100p100": {"markov": {"mae": 0.0001324569077330051, "mse": 1.1627486668429158e-06}, "arima": {"mae": 0.00019392218809102904, "mse": 5.3119440346117517e-08}}}